<?xml version="1.0" encoding="UTF-8"?>
<manifest xmlns="http://www.imsglobal.org/xsd/imscp_v1p1" xmlns:adlcp="http://www.adlnet.org/xsd/adlcp_v1p3" xmlns:adlseq="http://www.adlnet.org/xsd/adlseq_v1p3" xmlns:imsss="http://www.imsglobal.org/xsd/imsss" xmlns:adlnav="http://www.adlnet.org/xsd/adlnav_v1p3" xmlns:xsi="http://www.w3.org/2001/XMLSchema-instance" identifier="MANIFEST-Plugin-Technologies" version="1.3" xsi:schemaLocation="http://www.imsglobal.org/xsd/imscp_v1p1 imscp_v1p1.xsd                                        http://www.adlnet.org/xsd/adlcp_v1p3 adlcp_v1p3.xsd                                        http://www.adlnet.org/xsd/adlseq_v1p3 adlseq_v1p3.xsd                                        http://www.imsglobal.org/xsd/imsss imsss_v1p0.xsd                                        http://www.adlnet.org/xsd/adlnav_v1p3 adlnav_v1p3.xsd">
  <metadata>
    <schema>ADL SCORM</schema>
    <schemaversion>2004 4th Edition</schemaversion>
  </metadata>
  <organizations default="ORG-EC37F452-C3E9-DE62-A307-41F607300701">
    <organization identifier="ORG-EC37F452-C3E9-DE62-A307-41F607300701">
      <title>SCORM 2004 4th Edition Plug-in Technologies Example 1.1</title>
      <item identifier="ITEM-WELCOME" identifierref="RES-WELCOME">
        <title>Welcome</title>
        <adlnav:presentation>
          <adlnav:navigationInterface>
            <adlnav:hideLMSUI>previous</adlnav:hideLMSUI>
            <adlnav:hideLMSUI>continue</adlnav:hideLMSUI>
          </adlnav:navigationInterface>
        </adlnav:presentation>
        <imsss:sequencing>
          <imsss:controlMode choiceExit="false" />
          <imsss:objectives>
            <imsss:primaryObjective />
            <imsss:objective objectiveID="OBJ_DIRECTOR">
              <imsss:mapInfo targetObjectiveID="OBJ_DIRECTOR" readSatisfiedStatus="false" readNormalizedMeasure="false" writeSatisfiedStatus="true" writeNormalizedMeasure="false" />
            </imsss:objective>
            <imsss:objective objectiveID="OBJ_FLASH">
              <imsss:mapInfo targetObjectiveID="OBJ_FLASH" readSatisfiedStatus="false" readNormalizedMeasure="false" writeSatisfiedStatus="true" writeNormalizedMeasure="false" />
            </imsss:objective>
          </imsss:objectives>
        </imsss:sequencing>
      </item>
      <item identifier="ITEM-DIRECTOR" identifierref="RES-DIRECTOR">
        <title>Director</title>
        <adlnav:presentation>
          <adlnav:navigationInterface>
            <adlnav:hideLMSUI>previous</adlnav:hideLMSUI>
            <adlnav:hideLMSUI>continue</adlnav:hideLMSUI>
          </adlnav:navigationInterface>
        </adlnav:presentation>
        <imsss:sequencing>
          <imsss:sequencingRules>
            <imsss:preConditionRule>
              <imsss:ruleConditions>
                <imsss:ruleCondition referencedObjective="OBJ_DIRECTOR" condition="satisfied" />
              </imsss:ruleConditions>
              <imsss:ruleAction action="hiddenFromChoice" />
            </imsss:preConditionRule>
            <imsss:preConditionRule>
              <imsss:ruleConditions>
                <imsss:ruleCondition referencedObjective="OBJ_DIRECTOR" condition="satisfied" />
              </imsss:ruleConditions>
              <imsss:ruleAction action="skip" />
            </imsss:preConditionRule>
          </imsss:sequencingRules>
          <imsss:objectives>
            <imsss:primaryObjective />
            <imsss:objective objectiveID="OBJ_DIRECTOR">
              <imsss:mapInfo targetObjectiveID="OBJ_DIRECTOR" readSatisfiedStatus="true" readNormalizedMeasure="false" writeSatisfiedStatus="false" writeNormalizedMeasure="false" />
            </imsss:objective>
          </imsss:objectives>
        </imsss:sequencing>
      </item>
      <item identifier="ITEM-FLASH" identifierref="RES-FLASH">
        <title>Flash</title>
        <adlnav:presentation>
          <adlnav:navigationInterface>
            <adlnav:hideLMSUI>continue</adlnav:hideLMSUI>
            <adlnav:hideLMSUI>previous</adlnav:hideLMSUI>
          </adlnav:navigationInterface>
        </adlnav:presentation>
        <imsss:sequencing>
          <imsss:sequencingRules>
            <imsss:preConditionRule>
              <imsss:ruleConditions>
                <imsss:ruleCondition referencedObjective="OBJ_FLASH" condition="satisfied" />
              </imsss:ruleConditions>
              <imsss:ruleAction action="hiddenFromChoice" />
            </imsss:preConditionRule>
            <imsss:preConditionRule>
              <imsss:ruleConditions>
                <imsss:ruleCondition referencedObjective="OBJ_FLASH" condition="satisfied" />
              </imsss:ruleConditions>
              <imsss:ruleAction action="skip" />
            </imsss:preConditionRule>
          </imsss:sequencingRules>
          <imsss:objectives>
            <imsss:primaryObjective />
            <imsss:objective objectiveID="OBJ_FLASH">
              <imsss:mapInfo targetObjectiveID="OBJ_FLASH" readSatisfiedStatus="true" readNormalizedMeasure="false" writeSatisfiedStatus="false" writeNormalizedMeasure="false" />
            </imsss:objective>
          </imsss:objectives>
        </imsss:sequencing>
      </item>
      <item identifier="ITEM-SOURCE_CODE" identifierref="RES-SOURCE_CODE">
        <title>Source Code</title>
        <adlnav:presentation>
          <adlnav:navigationInterface>
            <adlnav:hideLMSUI>previous</adlnav:hideLMSUI>
            <adlnav:hideLMSUI>continue</adlnav:hideLMSUI>
          </adlnav:navigationInterface>
        </adlnav:presentation>
      </item>
      <item identifier="ITEM-CONCLUSION" identifierref="RES-CONCLUSION">
        <title>Conclusion</title>
        <adlnav:presentation>
          <adlnav:navigationInterface>
            <adlnav:hideLMSUI>previous</adlnav:hideLMSUI>
            <adlnav:hideLMSUI>continue</adlnav:hideLMSUI>
          </adlnav:navigationInterface>
        </adlnav:presentation>
      </item>
      <imsss:sequencing>
        <imsss:controlMode choice="true" choiceExit="true" flow="true" forwardOnly="false" />
      </imsss:sequencing>
    </organization>
  </organizations>
  <resources>

    <resource identifier="RES-DIRECTOR" adlcp:scormType="sco" type="webcontent" href="Director%20Example/dswmedia/pluginexample.htm">
      <file href="Director%20Example/dswmedia/pluginexample.htm" />
      <file href="Director%20Example/dswmedia/pluginexample.dcr" />
	  <file href="Director%20Example/dswmedia/pluginexample.dir" />
	  <file href="Director%20Example/dswmedia/APIWrapper.js" />
	  <file href="Director%20Example/dswmedia/flash/Black_Curve.swf" />
      <file href="Director%20Example/dswmedia/flash/content_area.swf" />
      <file href="Director%20Example/dswmedia/flash/logo.swf" />
      <file href="Director%20Example/dswmedia/flash/next.swf" />
      <file href="Director%20Example/dswmedia/flash/Plug-in_title.swf" />
      <file href="Director%20Example/dswmedia/flash/previous.swf" />
      <file href="Director%20Example/dswmedia/flash/submit.swf" />
      <dependency identifierref="SHARED_FILES" />
    </resource>
    <resource identifier="RES-FLASH" href="Flash%20Example/pite.html" adlcp:scormType="sco" type="webcontent">
      <file href="Flash%20Example/pite.html" />
      <file href="Flash%20Example/pite.swf" />
	  <file href="Flash%20Example/pite.fla" />
	  <dependency identifierref="SHARED_FILES" />
    </resource>
    <resource identifier="RES-WELCOME" href="Welcome/welcome_01.html" adlcp:scormType="sco" type="webcontent">
      <file href="Welcome/welcome_02.html" />
      <file href="Welcome/welcome_01.html" />
      <file href="Welcome/welcome_03.html" />
      <file href="Welcome/welcome_04.html" />
      <file href="Welcome/welcome_05.html" />
      <file href="Welcome/welcome_06.html" />
      <file href="Welcome/welcome_07.html" />
      <file href="Welcome/welcome_08.html" />
	  <dependency identifierref="SHARED_FILES" />
    </resource>
    <resource identifier="RES-CONCLUSION" href="Conclusion/conclusion.html" adlcp:scormType="sco" type="webcontent">
      <file href="Conclusion/conclusion.html" />
	  <dependency identifierref="SHARED_FILES" />
    </resource>
    <resource identifier="RES-SOURCE_CODE" href="Source%20Code%20Instructions/source_code.html" adlcp:scormType="sco" type="webcontent">
      <file href="Source%20Code%20Instructions/source_code.html" />
	  <file href="Source%20Code%20Instructions/Source Code/pluginexample.dir" />
	  <file href="Source%20Code%20Instructions/Source Code/pite.fla" />
	  <file href="Source%20Code%20Instructions/Source Code/pluginexample.htm" />
	  <file href="Source%20Code%20Instructions/Source Code/pite.html" />
	  <dependency identifierref="SHARED_FILES" />
    </resource>
	<resource identifier="SHARED_FILES" adlcp:scormType="asset" type="webcontent">
      <file href="Shared%20Files/scripts/APIWrapper.js" />
      <file href="Shared%20Files/css/styles.css" />
      <file href="Shared%20Files/images/background.gif" />
      <file href="Shared%20Files/images/next.gif" />
      <file href="Shared%20Files/images/previous.gif" />
    </resource>
  </resources>
</manifest>

