<?xml version="1.0" encoding="UTF-8"?>
<!--This is a Reload version 1.1.1 SCORM 1.3 Content Package document-->
<!--Spawned from the Reload Content Package Generator - http://www.reload.ac.uk-->
<manifest xmlns="http://www.imsglobal.org/xsd/imscp_v1p1" xmlns:imsmd="http://www.imsglobal.org/xsd/imsmd_v1p2" xmlns:xsi="http://www.w3.org/2001/XMLSchema-instance" xmlns:adlcp="http://www.adlnet.org/xsd/adlcp_v1p3" xmlns:imsss="http://www.imsglobal.org/xsd/imsss" xmlns:adlseq="http://www.adlnet.org/xsd/adlseq_v1p3" xmlns:adlnav="http://www.adlnet.org/xsd/adlnav_v1p3" identifier="MANIFEST-AECEF15E-06B8-1FAB-5289-73A0B058E2DD" xsi:schemaLocation="http://www.imsglobal.org/xsd/imscp_v1p1 imscp_v1p1.xsd http://www.imsglobal.org/xsd/imsmd_v1p2 imsmd_v1p2p2.xsd http://www.adlnet.org/xsd/adlcp_v1p3 adlcp_v1p3.xsd http://www.imsglobal.org/xsd/imsss imsss_v1p0.xsd http://www.adlnet.org/xsd/adlseq_v1p3 adlseq_v1p3.xsd http://www.adlnet.org/xsd/adlnav_v1p3 adlnav_v1p3.xsd" version="1.3">
  <metadata>
    <schema>ADL SCORM</schema>
    <schemaversion>2004 4th Edition</schemaversion>
  </metadata>
  <organizations default="ORG-8770D9D9-AD66-06BB-9A3D-E87784C697FF">
    <organization identifier="ORG-8770D9D9-AD66-06BB-9A3D-E87784C697FF">
      <title>Template 1-3</title>
      <item identifier="ITEM-79701DB3-F0AD-9426-8C43-819F3CB0EE6E" identifierref="RES-4F17946A-9286-D5F0-7B6A-04E980C04F46">
        <title>SCO_1</title>
      </item>
      <imsss:sequencing>
        <imsss:controlMode choice="false" choiceExit="true" flow="true" forwardOnly="true" useCurrentAttemptObjectiveInfo="true" useCurrentAttemptProgressInfo="true" />
        <imsss:sequencingRules>
          <imsss:exitConditionRule>
            <imsss:ruleConditions conditionCombination="all">
              <imsss:ruleCondition operator="noOp" condition="satisfied" />
            </imsss:ruleConditions>
            <imsss:ruleAction action="exit" />
          </imsss:exitConditionRule>
        </imsss:sequencingRules>
      </imsss:sequencing>
    </organization>
  </organizations>
  <resources>
    <resource identifier="RES-4F17946A-9286-D5F0-7B6A-04E980C04F46" type="webcontent" href="SCO_1.html" adlcp:scormType="sco">
      <file href="SCO_1.html" />
      <file href="util/APIWrapper.js" />
    </resource>
  </resources>
</manifest>

