<?xml version="1.0" encoding="UTF-8"?>	<!--		This is a Reload version 1.1.1 SCORM 1.3 Content Package document	-->	<!--		Spawned from the Reload Content Package Generator -		http://www.reload.ac.uk	--><manifest xmlns="http://www.imsglobal.org/xsd/imscp_v1p1"	xmlns:xsi="http://www.w3.org/2001/XMLSchema-instance" xmlns:lommd="http://ltsc.ieee.org/xsd/LOM"	xmlns:adlcp="http://www.adlnet.org/xsd/adlcp_v1p3" xmlns:imsss="http://www.imsglobal.org/xsd/imsss"	xmlns:adlseq="http://www.adlnet.org/xsd/adlseq_v1p3" xmlns:adlnav="http://www.adlnet.org/xsd/adlnav_v1p3"	identifier="MANIFEST-6CF68835-9183-7DD5-93E9-46A5952A16A6"	xsi:schemaLocation="http://www.imsglobal.org/xsd/imscp_v1p1 imscp_v1p1.xsd http://ltsc.ieee.org/xsd/LOM lom.xsd http://www.adlnet.org/xsd/adlcp_v1p3 adlcp_v1p3.xsd http://www.imsglobal.org/xsd/imsss imsss_v1p0.xsd http://www.adlnet.org/xsd/adlseq_v1p3 adlseq_v1p3.xsd http://www.adlnet.org/xsd/adlnav_v1p3 adlnav_v1p3.xsd"	version="1.3">	<metadata>		<schema>ADL SCORM</schema>		<schemaversion>2004 4th Edition </schemaversion>	</metadata>	<organizations default="ORG-8770D9D9-AD66-06BB-9A3D-E87784C697FF">		<organization identifier="ORG-8770D9D9-AD66-06BB-9A3D-E87784C697FF">			<title>Template 4</title>			<item identifier="ITEM-79701DB3-F0AD-9426-8C43-819F3CB0EE6E"				identifierref="RES-4F17946A-9286-D5F0-7B6A-04E980C04F46">				<title>SCO_1</title>			</item>			<item identifier="ITEM-D10CB2B8-B7C1-9269-862F-6F0A396C16F2"				identifierref="RES-E4D54053-6A0E-1285-1056-B92A6F499A74">				<title>SCO_2</title>			</item>			<imsss:sequencing>				<imsss:controlMode choice="false" choiceExit="true"					flow="true" forwardOnly="true" useCurrentAttemptObjectiveInfo="true"					useCurrentAttemptProgressInfo="true" />				<imsss:sequencingRules>					<imsss:exitConditionRule>						<imsss:ruleConditions conditionCombination="all">							<imsss:ruleCondition operator="noOp"								condition="satisfied" />						</imsss:ruleConditions>						<imsss:ruleAction action="exit" />					</imsss:exitConditionRule>				</imsss:sequencingRules>			</imsss:sequencing>		</organization>	</organizations>	<resources>		<resource identifier="RES-4F17946A-9286-D5F0-7B6A-04E980C04F46"			type="webcontent" href="SCO_1.html" adlcp:scormType="sco">			<file href="SCO_1.html" />			<file href="util/APIWrapper.js" />		</resource>		<resource identifier="RES-E4D54053-6A0E-1285-1056-B92A6F499A74"			type="webcontent" href="SCO_2.html" adlcp:scormType="sco">			<file href="SCO_2.html" />			<file href="util/APIWrapper.js" />		</resource>	</resources></manifest>