<?xml version = "1.0" standalone = "no"?>
<manifest identifier = "LMSTestPackage_T-01b" version = "1.0"
    xmlns = "http://www.imsglobal.org/xsd/imscp_v1p1"
    xmlns:adlcp = "http://www.adlnet.org/xsd/adlcp_v1p3"
    xmlns:adlseq = "http://www.adlnet.org/xsd/adlseq_v1p3"
    xmlns:adlnav = "http://www.adlnet.org/xsd/adlnav_v1p3"
    xmlns:imsss = "http://www.imsglobal.org/xsd/imsss"
    xmlns:xsi="http://www.w3.org/2001/XMLSchema-instance"
    xsi:schemaLocation = "http://www.imsglobal.org/xsd/imscp_v1p1 imscp_v1p1.xsd
                                           http://www.adlnet.org/xsd/adlcp_v1p3 adlcp_v1p3.xsd
                                           http://www.adlnet.org/xsd/adlseq_v1p3 adlseq_v1p3.xsd
                                           http://www.adlnet.org/xsd/adlnav_v1p3 adlnav_v1p3.xsd
                                           http://www.imsglobal.org/xsd/imsss imsss_v1p0.xsd"  >

   <metadata>
      <schema>ADL SCORM</schema>
      <schemaversion>2004 4th Edition</schemaversion>
   </metadata>
  <organizations default="ORG-AAE040C6-5D31-FF80-7A74-C93346D3DE42">
    <organization identifier="ORG-AAE040C6-5D31-FF80-7A74-C93346D3DE42" structure="hierarchical">
      <title>SCORM 2004 4th Edition Manifest Basics Content Example 1.0</title>
      <item identifier="ITEM-5C1908B3-BD20-5B1D-0586-F9B3EA30732D" isvisible="true" identifierref="RES-A5C12CB1-389E-4B4D-2420-2F194C3E51C0">
        <title>Introduction to Manifests</title>
        <adlnav:presentation>
          <adlnav:navigationInterface>
            <adlnav:hideLMSUI>continue</adlnav:hideLMSUI>
            <adlnav:hideLMSUI>previous</adlnav:hideLMSUI>
          </adlnav:navigationInterface>
        </adlnav:presentation>
      </item>
      <item identifier="ITEM-8A36E0A3-08A2-6B58-F776-43930C365287" isvisible="true" identifierref="RES-FBA22B65-E414-31C8-8EE2-AF22F16A502E">
        <title>Content Package &amp; Manifest Analogy</title>
        <adlnav:presentation>
          <adlnav:navigationInterface>
            <adlnav:hideLMSUI>continue</adlnav:hideLMSUI>
            <adlnav:hideLMSUI>previous</adlnav:hideLMSUI>
          </adlnav:navigationInterface>
        </adlnav:presentation>
      </item>
      <item identifier="ITEM-750275DE-0DEE-578A-D7C1-83B459BB0F60" isvisible="true" identifierref="RES-88BF7533-D8F2-88CE-CE43-D38FE696B53B">
        <title>Content Package Defined</title>
        <adlnav:presentation>
          <adlnav:navigationInterface>
            <adlnav:hideLMSUI>continue</adlnav:hideLMSUI>
            <adlnav:hideLMSUI>previous</adlnav:hideLMSUI>
          </adlnav:navigationInterface>
        </adlnav:presentation>
      </item>
      <item identifier="ITEM-CFB93744-FE97-0898-8A5C-B04E0F500C85" isvisible="true" identifierref="RES-12ECE40D-644C-5F5E-DC20-A2AE83E5401D">
        <title>Manifests Defined</title>
        <adlnav:presentation>
          <adlnav:navigationInterface>
            <adlnav:hideLMSUI>continue</adlnav:hideLMSUI>
            <adlnav:hideLMSUI>previous</adlnav:hideLMSUI>
          </adlnav:navigationInterface>
        </adlnav:presentation>
      </item>
      <item identifier="ITEM-8B68BDFF-C564-1C30-254E-803FADD93603" isvisible="true" identifierref="RES-6F75A4BA-31F4-5E00-0457-34199F657C54">
        <title>SCORM Content Package Application Profiles</title>
        <adlnav:presentation>
          <adlnav:navigationInterface>
            <adlnav:hideLMSUI>continue</adlnav:hideLMSUI>
            <adlnav:hideLMSUI>previous</adlnav:hideLMSUI>
          </adlnav:navigationInterface>
        </adlnav:presentation>
      </item>
      <item identifier="ITEM-9C9CEC63-3A96-FC91-31F5-5DF9AFC54021" isvisible="true" identifierref="RES-A31B2BBE-274B-46A9-3523-3568844C3451">
        <title>Content Package Components</title>
        <adlnav:presentation>
          <adlnav:navigationInterface>
            <adlnav:hideLMSUI>continue</adlnav:hideLMSUI>
            <adlnav:hideLMSUI>previous</adlnav:hideLMSUI>
          </adlnav:navigationInterface>
        </adlnav:presentation>
      </item>
      <item identifier="ITEM-45946778-2564-16F8-8F40-C9B7DF4F6F10" isvisible="true" identifierref="RES-45CB9E34-75B6-F7A5-5040-A8E272B24E01">
        <title>Manifest</title>
        <adlnav:presentation>
          <adlnav:navigationInterface>
            <adlnav:hideLMSUI>continue</adlnav:hideLMSUI>
            <adlnav:hideLMSUI>previous</adlnav:hideLMSUI>
          </adlnav:navigationInterface>
        </adlnav:presentation>
      </item>
      <item identifier="ITEM-3FD6AFB7-761B-BC2C-962E-43A26BCB08BC" isvisible="true" identifierref="RES-28F0F3C4-E4C9-4AC9-1CE2-6422C5276AB2">
        <title>Metadata</title>
        <adlnav:presentation>
          <adlnav:navigationInterface>
            <adlnav:hideLMSUI>continue</adlnav:hideLMSUI>
            <adlnav:hideLMSUI>previous</adlnav:hideLMSUI>
          </adlnav:navigationInterface>
        </adlnav:presentation>
      </item>
      <item identifier="ITEM-B7DC5747-B81D-3F8D-6576-36ADE0862D29" isvisible="true" identifierref="RES-D41D317E-9B30-6D06-BC56-DD4B6A41D3CF">
        <title>Application of Metadata</title>
        <adlnav:presentation>
          <adlnav:navigationInterface>
            <adlnav:hideLMSUI>continue</adlnav:hideLMSUI>
            <adlnav:hideLMSUI>previous</adlnav:hideLMSUI>
          </adlnav:navigationInterface>
        </adlnav:presentation>
      </item>
      <item identifier="ITEM-5E6A88FC-E6F3-2571-664D-8BE31551FF14" isvisible="true" identifierref="RES-C200CB4B-FE29-6ACF-C94E-D8935FB246AA">
        <title>Organizations</title>
        <adlnav:presentation>
          <adlnav:navigationInterface>
            <adlnav:hideLMSUI>continue</adlnav:hideLMSUI>
            <adlnav:hideLMSUI>previous</adlnav:hideLMSUI>
          </adlnav:navigationInterface>
        </adlnav:presentation>
      </item>
      <item identifier="ITEM-247B77C2-AFF8-4BE8-B4E5-61B4C2DCFF75" isvisible="true" identifierref="RES-1629B17C-3045-E6FE-713F-9D07D8C751DD">
        <title>Content Organization Components</title>
        <adlnav:presentation>
          <adlnav:navigationInterface>
            <adlnav:hideLMSUI>continue</adlnav:hideLMSUI>
            <adlnav:hideLMSUI>previous</adlnav:hideLMSUI>
          </adlnav:navigationInterface>
        </adlnav:presentation>
      </item>
      <item identifier="ITEM-4E401D20-BF73-D114-38B1-4686883791DB" isvisible="true" identifierref="RES-AE62386C-171D-B2D9-15B2-F229BC6D0C6A">
        <title>Content Hierarchy</title>
        <adlnav:presentation>
          <adlnav:navigationInterface>
            <adlnav:hideLMSUI>continue</adlnav:hideLMSUI>
            <adlnav:hideLMSUI>previous</adlnav:hideLMSUI>
          </adlnav:navigationInterface>
        </adlnav:presentation>
      </item>
      <item identifier="ITEM-F1BDB7D1-321C-5544-2224-8EE684421CB0" isvisible="true" identifierref="RES-C08F2F3F-3FA6-0550-42EB-C6B7EA4CEB32">
        <title>Sequencing and Navigation</title>
        <adlnav:presentation>
          <adlnav:navigationInterface>
            <adlnav:hideLMSUI>continue</adlnav:hideLMSUI>
            <adlnav:hideLMSUI>previous</adlnav:hideLMSUI>
          </adlnav:navigationInterface>
        </adlnav:presentation>
      </item>
      <item identifier="ITEM-62D7AD43-73B1-99B2-0517-4324B8841E99" isvisible="true" identifierref="RES-0855A7ED-D7D0-85D8-D760-F432CBCF66BF">
        <title>Resources</title>
        <adlnav:presentation>
          <adlnav:navigationInterface>
            <adlnav:hideLMSUI>continue</adlnav:hideLMSUI>
            <adlnav:hideLMSUI>previous</adlnav:hideLMSUI>
          </adlnav:navigationInterface>
        </adlnav:presentation>
      </item>
      <item identifier="ITEM-211EFBA8-B514-1C14-779F-6620DA3497A5" isvisible="true" identifierref="RES-556FC54A-4F1F-D731-05CE-6B66714C09F8">
        <title>(Sub)Manifests</title>
        <adlnav:presentation>
          <adlnav:navigationInterface>
            <adlnav:hideLMSUI>continue</adlnav:hideLMSUI>
            <adlnav:hideLMSUI>previous</adlnav:hideLMSUI>
          </adlnav:navigationInterface>
        </adlnav:presentation>
      </item>
      <item identifier="ITEM-45FC0456-C3AC-0172-5837-B0CA7DE36BF5" isvisible="true" identifierref="RES-A0624C24-B21F-C22E-9B79-4CE7F444D43B">
        <title>Manifest Overview Summary</title>
        <adlnav:presentation>
          <adlnav:navigationInterface>
            <adlnav:hideLMSUI>continue</adlnav:hideLMSUI>
            <adlnav:hideLMSUI>previous</adlnav:hideLMSUI>
          </adlnav:navigationInterface>
        </adlnav:presentation>
      </item>
      <item identifier="ITEM-B08369AA-1A27-9B04-B736-B8B2D5DAE32D" isvisible="true" identifierref="RES-2AD0CCE2-DDEF-647B-AD72-6914136331A5">
        <title>Manifest Examples</title>
        <adlnav:presentation>
          <adlnav:navigationInterface>
            <adlnav:hideLMSUI>continue</adlnav:hideLMSUI>
            <adlnav:hideLMSUI>previous</adlnav:hideLMSUI>
          </adlnav:navigationInterface>
        </adlnav:presentation>
      </item>
      <item identifier="ITEM-2C4B2CE2-3C48-2D6C-3360-99DCF48DD929" isvisible="true" identifierref="RES-530007DF-0792-E181-04D4-F9183D818EBF">
        <title>Resource Content Package Manifest</title>
        <adlnav:presentation>
          <adlnav:navigationInterface>
            <adlnav:hideLMSUI>continue</adlnav:hideLMSUI>
            <adlnav:hideLMSUI>previous</adlnav:hideLMSUI>
          </adlnav:navigationInterface>
        </adlnav:presentation>
      </item>
      <item identifier="ITEM-3392D7B4-7236-0E2F-AC82-7B6E89A2D3F0" isvisible="true" identifierref="RES-608591D8-3DE7-702B-B8E0-4A243D7486B8">
        <title>Resource Content Package Manifest Example</title>
        <adlnav:presentation>
          <adlnav:navigationInterface>
            <adlnav:hideLMSUI>continue</adlnav:hideLMSUI>
            <adlnav:hideLMSUI>previous</adlnav:hideLMSUI>
          </adlnav:navigationInterface>
        </adlnav:presentation>
      </item>
      <item identifier="ITEM-EB7C9675-108F-CE95-E397-9E53D715BFE5" isvisible="true" identifierref="RES-B28C7060-CE2B-7AC5-7DA1-873FD9840235">
        <title>Content Aggregation Content Package Manifest</title>
        <adlnav:presentation>
          <adlnav:navigationInterface>
            <adlnav:hideLMSUI>continue</adlnav:hideLMSUI>
            <adlnav:hideLMSUI>previous</adlnav:hideLMSUI>
          </adlnav:navigationInterface>
        </adlnav:presentation>
      </item>
      <item identifier="ITEM-1FF1A92B-9DB3-52E6-048D-76F83FD7FC14" isvisible="true" identifierref="RES-36144ED2-CAC9-D3FA-98D4-BC8EC3D623B2">
        <title>Content Aggregation Content Package Manifest Example</title>
        <adlnav:presentation>
          <adlnav:navigationInterface>
            <adlnav:hideLMSUI>continue</adlnav:hideLMSUI>
            <adlnav:hideLMSUI>previous</adlnav:hideLMSUI>
          </adlnav:navigationInterface>
        </adlnav:presentation>
      </item>
      <item identifier="ITEM-1F8CAF2E-FC73-F3FD-B60B-975BD2C25382" isvisible="true" identifierref="RES-58840837-2C8F-2AC2-25CB-76F709222BA8">
        <title>Manifest Examples Summary</title>
        <adlnav:presentation>
          <adlnav:navigationInterface>
            <adlnav:hideLMSUI>continue</adlnav:hideLMSUI>
            <adlnav:hideLMSUI>previous</adlnav:hideLMSUI>
          </adlnav:navigationInterface>
        </adlnav:presentation>
      </item>
      <item identifier="ITEM-044E0296-D86E-582C-BC03-BB3DF239C02E" isvisible="true" identifierref="RES-2D686FE5-DFC3-36E4-985C-B14CC58B754C">
        <title>Conclusion</title>
        <adlnav:presentation>
          <adlnav:navigationInterface>
            <adlnav:hideLMSUI>continue</adlnav:hideLMSUI>
            <adlnav:hideLMSUI>previous</adlnav:hideLMSUI>
          </adlnav:navigationInterface>
        </adlnav:presentation>
      </item>
      <imsss:sequencing>
        <imsss:controlMode flow="true" />
      </imsss:sequencing>
    </organization>
  </organizations>
  <resources>
    <resource identifier="RES-0E255857-7E71-D9B4-3AFB-3F743420BFC7" type="webcontent" adlcp:scormType="asset">
      <file href="Shared%20Files/scripts/APIWrapper.js" />
      <file href="Shared%20Files/scripts/courseFunctions.js" />
      <file href="Shared%20Files/images/bottom.gif" />
      <file href="Shared%20Files/images/next.gif" />
      <file href="Shared%20Files/images/next_rollover.gif" />
      <file href="Shared%20Files/images/previous.gif" />
      <file href="Shared%20Files/images/previous_rollover.gif" />
      <file href="Shared%20Files/images/top.jpg" />
      <file href="Shared%20Files/css/snstyle.css" />
      <file href="Shared%20Files/images/pinned.png" />
      <file href="Shared%20Files/images/unpinned.png" />
    </resource>
    <resource identifier="RES-A5C12CB1-389E-4B4D-2420-2F194C3E51C0" type="webcontent" href="MBCE/01_introduction_to_manifests.html" adlcp:scormType="sco">
      <file href="MBCE/01_introduction_to_manifests.html" />
      <dependency identifierref="RES-0E255857-7E71-D9B4-3AFB-3F743420BFC7" />
    </resource>
    <resource identifier="RES-FBA22B65-E414-31C8-8EE2-AF22F16A502E" type="webcontent" href="MBCE/02_content_package_manifest_annalogy.html" adlcp:scormType="sco">
      <file href="MBCE/02_content_package_manifest_annalogy.html" />
      <file href="MBCE/flash/page-04.swf" />
      <dependency identifierref="RES-0E255857-7E71-D9B4-3AFB-3F743420BFC7" />
    </resource>
    <resource identifier="RES-88BF7533-D8F2-88CE-CE43-D38FE696B53B" type="webcontent" href="MBCE/03_content_packaging_defined.html" adlcp:scormType="sco">
      <file href="MBCE/03_content_packaging_defined.html" />
      <file href="MBCE/flash/page-02.swf" />
      <dependency identifierref="RES-0E255857-7E71-D9B4-3AFB-3F743420BFC7" />
    </resource>
    <resource identifier="RES-12ECE40D-644C-5F5E-DC20-A2AE83E5401D" type="webcontent" href="MBCE/04_manifests_defined.html" adlcp:scormType="sco">
      <file href="MBCE/04_manifests_defined.html" />
      <file href="MBCE/images/page-03.jpg" />
      <dependency identifierref="RES-0E255857-7E71-D9B4-3AFB-3F743420BFC7" />
    </resource>
    <resource identifier="RES-6F75A4BA-31F4-5E00-0457-34199F657C54" type="webcontent" href="MBCE/05_scorm_content_application_profiles.html" adlcp:scormType="sco">
      <file href="MBCE/05_scorm_content_application_profiles.html" />
      <dependency identifierref="RES-0E255857-7E71-D9B4-3AFB-3F743420BFC7" />
    </resource>
    <resource identifier="RES-A31B2BBE-274B-46A9-3523-3568844C3451" type="webcontent" href="MBCE/06_content_package_components.html" adlcp:scormType="sco">
      <file href="MBCE/06_content_package_components.html" />
      <dependency identifierref="RES-0E255857-7E71-D9B4-3AFB-3F743420BFC7" />
    </resource>
    <resource identifier="RES-45CB9E34-75B6-F7A5-5040-A8E272B24E01" type="webcontent" href="MBCE/07_manifest.html" adlcp:scormType="sco">
      <file href="MBCE/07_manifest.html" />
      <file href="MBCE/images/page-11.jpg" />
      <dependency identifierref="RES-0E255857-7E71-D9B4-3AFB-3F743420BFC7" />
    </resource>
    <resource identifier="RES-28F0F3C4-E4C9-4AC9-1CE2-6422C5276AB2" type="webcontent" href="MBCE/08_metadata.html" adlcp:scormType="sco">
      <file href="MBCE/08_metadata.html" />
      <file href="MBCE/images/page-12.jpg" />
      <dependency identifierref="RES-0E255857-7E71-D9B4-3AFB-3F743420BFC7" />
    </resource>
    <resource identifier="RES-D41D317E-9B30-6D06-BC56-DD4B6A41D3CF" type="webcontent" href="MBCE/09_application_of_metadata.html" adlcp:scormType="sco">
      <file href="MBCE/09_application_of_metadata.html" />
      <dependency identifierref="RES-0E255857-7E71-D9B4-3AFB-3F743420BFC7" />
    </resource>
    <resource identifier="RES-C200CB4B-FE29-6ACF-C94E-D8935FB246AA" type="webcontent" href="MBCE/10_orginizations.html" adlcp:scormType="sco">
      <file href="MBCE/10_orginizations.html" />
      <file href="MBCE/images/page-15.jpg" />
      <dependency identifierref="RES-0E255857-7E71-D9B4-3AFB-3F743420BFC7" />
    </resource>
    <resource identifier="RES-1629B17C-3045-E6FE-713F-9D07D8C751DD" type="webcontent" href="MBCE/11_content_organization_components.html" adlcp:scormType="sco">
      <file href="MBCE/11_content_organization_components.html" />
      <file href="MBCE/images/page-16.jpg" />
      <dependency identifierref="RES-0E255857-7E71-D9B4-3AFB-3F743420BFC7" />
    </resource>
    <resource identifier="RES-AE62386C-171D-B2D9-15B2-F229BC6D0C6A" type="webcontent" href="MBCE/12_content_hierarchy.html" adlcp:scormType="sco">
      <file href="MBCE/12_content_hierarchy.html" />
      <file href="MBCE/images/page-17.jpg" />
      <dependency identifierref="RES-0E255857-7E71-D9B4-3AFB-3F743420BFC7" />
    </resource>
    <resource identifier="RES-C08F2F3F-3FA6-0550-42EB-C6B7EA4CEB32" type="webcontent" href="MBCE/13_sequencing_and_navigation.html" adlcp:scormType="sco">
      <file href="MBCE/13_sequencing_and_navigation.html" />
      <file href="MBCE/flash/page-19.swf" />
      <dependency identifierref="RES-0E255857-7E71-D9B4-3AFB-3F743420BFC7" />
    </resource>
    <resource identifier="RES-0855A7ED-D7D0-85D8-D760-F432CBCF66BF" type="webcontent" href="MBCE/14_resources.html" adlcp:scormType="sco">
      <file href="MBCE/14_resources.html" />
      <file href="MBCE/images/page-20.jpg" />
      <dependency identifierref="RES-0E255857-7E71-D9B4-3AFB-3F743420BFC7" />
    </resource>
    <resource identifier="RES-556FC54A-4F1F-D731-05CE-6B66714C09F8" type="webcontent" href="MBCE/15_submanifests.html" adlcp:scormType="sco">
      <file href="MBCE/15_submanifests.html" />
      <file href="MBCE/images/page-22.jpg" />
      <dependency identifierref="RES-0E255857-7E71-D9B4-3AFB-3F743420BFC7" />
    </resource>
    <resource identifier="RES-A0624C24-B21F-C22E-9B79-4CE7F444D43B" type="webcontent" href="MBCE/16_manifest_overview.html" adlcp:scormType="sco">
      <file href="MBCE/16_manifest_overview.html" />
      <dependency identifierref="RES-0E255857-7E71-D9B4-3AFB-3F743420BFC7" />
    </resource>
    <resource identifier="RES-2AD0CCE2-DDEF-647B-AD72-6914136331A5" type="webcontent" href="MBCE/17_manifest_examples.html" adlcp:scormType="sco">
      <file href="MBCE/17_manifest_examples.html" />
      <dependency identifierref="RES-0E255857-7E71-D9B4-3AFB-3F743420BFC7" />
    </resource>
    <resource identifier="RES-530007DF-0792-E181-04D4-F9183D818EBF" type="webcontent" href="MBCE/18_resource_manifest.html" adlcp:scormType="sco">
      <file href="MBCE/18_resource_manifest.html" />
      <dependency identifierref="RES-0E255857-7E71-D9B4-3AFB-3F743420BFC7" />
    </resource>
    <resource identifier="RES-608591D8-3DE7-702B-B8E0-4A243D7486B8" type="webcontent" href="MBCE/19_resource_manifest_example.html" adlcp:scormType="sco">
      <file href="MBCE/19_resource_manifest_example.html" />
      <dependency identifierref="RES-0E255857-7E71-D9B4-3AFB-3F743420BFC7" />
    </resource>
    <resource identifier="RES-B28C7060-CE2B-7AC5-7DA1-873FD9840235" type="webcontent" href="MBCE/20_content_manifest.html" adlcp:scormType="sco">
      <file href="MBCE/20_content_manifest.html" />
      <dependency identifierref="RES-0E255857-7E71-D9B4-3AFB-3F743420BFC7" />
    </resource>
    <resource identifier="RES-36144ED2-CAC9-D3FA-98D4-BC8EC3D623B2" type="webcontent" href="MBCE/21_content_manifest_example.html" adlcp:scormType="sco">
      <file href="MBCE/21_content_manifest_example.html" />
      <dependency identifierref="RES-0E255857-7E71-D9B4-3AFB-3F743420BFC7" />
    </resource>
    <resource identifier="RES-58840837-2C8F-2AC2-25CB-76F709222BA8" type="webcontent" href="MBCE/22_manifest_example_summary.html" adlcp:scormType="sco">
      <file href="MBCE/22_manifest_example_summary.html" />
      <dependency identifierref="RES-0E255857-7E71-D9B4-3AFB-3F743420BFC7" />
    </resource>
    <resource identifier="RES-2D686FE5-DFC3-36E4-985C-B14CC58B754C" type="webcontent" href="MBCE/23_conclusion.html" adlcp:scormType="sco">
      <file href="MBCE/23_conclusion.html" />
      <dependency identifierref="RES-0E255857-7E71-D9B4-3AFB-3F743420BFC7" />
    </resource>
  </resources>
</manifest>

